Num;Filename
0;data/dataset/eng_AF_001.jpg
1;data/dataset/eng_AF_002.jpg
2;data/dataset/eng_AF_003.jpg
3;data/dataset/eng_AF_004.jpg
4;data/dataset/eng_AF_006.jpg
5;data/dataset/eng_AF_007.jpg
6;data/dataset/eng_AF_008.jpg
7;data/dataset/eng_AF_009.jpg
8;data/dataset/eng_AF_010.jpg
9;data/dataset/eng_AF_011.jpg
10;data/dataset/eng_AF_012.jpg
11;data/dataset/eng_AF_013.jpg
12;data/dataset/eng_AF_014.jpg
13;data/dataset/eng_AF_015.jpg
14;data/dataset/eng_AF_016.jpg
15;data/dataset/eng_AF_017.jpg
16;data/dataset/eng_AF_018.jpg
17;data/dataset/eng_AF_019.jpg
18;data/dataset/eng_AF_021.jpg
19;data/dataset/eng_AF_022.jpg
20;data/dataset/eng_AF_023.jpg
21;data/dataset/eng_AF_024.jpg
22;data/dataset/eng_AF_025.jpg
23;data/dataset/eng_AF_026.jpg
24;data/dataset/eng_AF_027.jpg
25;data/dataset/eng_AF_029.jpg
26;data/dataset/eng_AF_030.jpg
27;data/dataset/eng_AF_031.jpg
28;data/dataset/eng_AF_032.jpg
29;data/dataset/eng_AF_033.jpg
30;data/dataset/eng_AF_034.jpg
31;data/dataset/eng_AF_038.jpg
32;data/dataset/eng_AF_039.jpg
33;data/dataset/eng_AF_041.jpg
34;data/dataset/eng_AF_042.jpg
35;data/dataset/eng_AF_043.jpg
36;data/dataset/eng_AF_044.jpg
37;data/dataset/eng_AF_046.jpg
38;data/dataset/eng_AF_047.jpg
39;data/dataset/eng_AF_049.jpg
40;data/dataset/eng_AF_050.jpg
41;data/dataset/eng_AF_051.jpg
42;data/dataset/eng_AF_052.jpg
43;data/dataset/eng_AF_053.jpg
44;data/dataset/eng_AF_054.jpg
45;data/dataset/eng_AF_055.jpg
46;data/dataset/eng_AF_057.jpg
47;data/dataset/eng_AF_058.jpg
48;data/dataset/eng_AF_059.jpg
49;data/dataset/eng_AF_060.jpg
50;data/dataset/eng_AF_061.jpg
51;data/dataset/eng_AF_062.jpg
52;data/dataset/eng_AF_066.jpg
53;data/dataset/eng_AF_067.jpg
54;data/dataset/eng_AF_068.jpg
55;data/dataset/eng_AF_069.jpg
56;data/dataset/eng_AF_071.jpg
57;data/dataset/eng_AF_074.jpg
58;data/dataset/eng_AF_077.jpg
59;data/dataset/eng_AF_079.jpg
60;data/dataset/eng_AF_080.jpg
61;data/dataset/eng_AF_081.jpg
62;data/dataset/eng_AF_082.jpg
63;data/dataset/eng_AF_083.jpg
64;data/dataset/eng_AF_084.jpg
65;data/dataset/eng_AF_085.jpg
66;data/dataset/eng_AF_086.jpg
67;data/dataset/eng_AF_087.jpg
68;data/dataset/eng_AF_088.jpg
69;data/dataset/eng_AF_089.jpg
70;data/dataset/eng_AF_090.jpg
71;data/dataset/eng_AF_091.jpg
72;data/dataset/eng_AF_092.jpg
73;data/dataset/eng_AF_093.jpg
74;data/dataset/eng_AF_095.jpg
75;data/dataset/eng_AF_098.jpg
76;data/dataset/eng_AF_099.jpg
77;data/dataset/eng_AF_100.jpg
78;data/dataset/eng_AF_101.jpg
79;data/dataset/eng_AF_102.jpg
80;data/dataset/eng_AF_103.jpg
81;data/dataset/eng_AF_104.jpg
82;data/dataset/eng_AF_105.jpg
83;data/dataset/eng_AF_106.jpg
84;data/dataset/eng_AF_107.jpg
85;data/dataset/eng_AF_108.jpg
86;data/dataset/eng_AF_109.jpg
87;data/dataset/eng_AF_110.jpg
88;data/dataset/eng_AF_111.jpg
89;data/dataset/eng_AF_112.jpg
90;data/dataset/eng_AF_113.jpg
91;data/dataset/eng_AF_114.jpg
92;data/dataset/eng_AF_115.jpg
93;data/dataset/eng_AF_116.jpg
94;data/dataset/eng_AF_117.jpg
95;data/dataset/eng_AF_118.jpg
96;data/dataset/eng_AF_119.jpg
97;data/dataset/eng_AF_120.jpg
98;data/dataset/eng_AF_121.jpg
99;data/dataset/eng_AF_122.jpg
100;data/dataset/eng_AF_123.jpg
101;data/dataset/eng_AF_124.jpg
102;data/dataset/eng_AF_125.jpg
103;data/dataset/eng_AF_126.jpg
104;data/dataset/eng_AF_127.jpg
105;data/dataset/eng_AS_001.jpg
106;data/dataset/eng_AS_002.jpg
107;data/dataset/eng_AS_003.jpg
108;data/dataset/eng_AS_004.jpg
109;data/dataset/eng_AS_007.jpg
110;data/dataset/eng_AS_008.jpg
111;data/dataset/eng_AS_009.jpg
112;data/dataset/eng_AS_010.jpg
113;data/dataset/eng_AS_011.jpg
114;data/dataset/eng_AS_013.jpg
115;data/dataset/eng_AS_014.jpg
116;data/dataset/eng_AS_015.jpg
117;data/dataset/eng_AS_016.jpg
118;data/dataset/eng_AS_017.jpg
119;data/dataset/eng_AS_018.jpg
120;data/dataset/eng_AS_019.jpg
121;data/dataset/eng_AS_020.jpg
122;data/dataset/eng_AS_021.jpg
123;data/dataset/eng_AS_022.jpg
124;data/dataset/eng_AS_023.jpg
125;data/dataset/eng_AS_024.jpg
126;data/dataset/eng_AS_025.jpg
127;data/dataset/eng_AS_027.jpg
128;data/dataset/eng_AS_028.jpg
129;data/dataset/eng_AS_029.jpg
130;data/dataset/eng_AS_030.jpg
131;data/dataset/eng_AS_031.jpg
132;data/dataset/eng_AS_032.jpg
133;data/dataset/eng_AS_033.jpg
134;data/dataset/eng_AS_034.jpg
135;data/dataset/eng_AS_035.jpg
136;data/dataset/eng_AS_036.jpg
137;data/dataset/eng_AS_037.jpg
138;data/dataset/eng_AS_038.jpg
139;data/dataset/eng_AS_039.jpg
140;data/dataset/eng_AS_041.jpg
141;data/dataset/eng_AS_043.jpg
142;data/dataset/eng_AS_044.jpg
143;data/dataset/eng_AS_045.jpg
144;data/dataset/eng_AS_046.jpg
145;data/dataset/eng_AS_047.jpg
146;data/dataset/eng_AS_048.jpg
147;data/dataset/eng_AS_049.jpg
148;data/dataset/eng_AS_050.jpg
149;data/dataset/eng_AS_051.jpg
150;data/dataset/eng_AS_052.jpg
151;data/dataset/eng_AS_053.jpg
152;data/dataset/eng_AS_054.jpg
153;data/dataset/eng_AS_055.jpg
154;data/dataset/eng_AS_056.jpg
155;data/dataset/eng_AS_057.jpg
156;data/dataset/eng_AS_058.jpg
157;data/dataset/eng_AS_059.jpg
158;data/dataset/eng_AS_060.jpg
159;data/dataset/eng_AS_061.jpg
160;data/dataset/eng_AS_062.jpg
161;data/dataset/eng_AS_063.jpg
162;data/dataset/eng_AS_064.jpg
163;data/dataset/eng_AS_065.jpg
164;data/dataset/eng_AS_066.jpg
165;data/dataset/eng_AS_067.jpg
166;data/dataset/eng_AS_068.jpg
167;data/dataset/eng_AS_069.jpg
168;data/dataset/eng_AS_070.jpg
169;data/dataset/eng_AS_071.jpg
170;data/dataset/eng_AS_072.jpg
171;data/dataset/eng_AS_073.jpg
172;data/dataset/eng_AS_074.jpg
173;data/dataset/eng_AS_075.jpg
174;data/dataset/eng_AS_076.jpg
175;data/dataset/eng_AS_077.jpg
176;data/dataset/eng_AS_079.jpg
177;data/dataset/eng_AS_082.jpg
178;data/dataset/eng_AS_083.jpg
179;data/dataset/eng_AS_084.jpg
180;data/dataset/eng_AS_085.jpg
181;data/dataset/eng_AS_086.jpg
182;data/dataset/eng_AS_087.jpg
183;data/dataset/eng_AS_090.jpg
184;data/dataset/eng_AS_092.jpg
185;data/dataset/eng_AS_094.jpg
186;data/dataset/eng_AS_095.jpg
187;data/dataset/eng_AS_096.jpg
188;data/dataset/eng_AS_097.jpg
189;data/dataset/eng_AS_098.jpg
190;data/dataset/eng_AS_099.jpg
191;data/dataset/eng_AS_100.jpg
192;data/dataset/eng_EU_001.jpg
193;data/dataset/eng_EU_002.jpg
194;data/dataset/eng_EU_003.jpg
195;data/dataset/eng_EU_004.jpg
196;data/dataset/eng_EU_006.jpg
197;data/dataset/eng_EU_007.jpg
198;data/dataset/eng_EU_008.jpg
199;data/dataset/eng_EU_009.jpg
200;data/dataset/eng_EU_010.jpg
201;data/dataset/eng_EU_011.jpg
202;data/dataset/eng_EU_013.jpg
203;data/dataset/eng_EU_014.jpg
204;data/dataset/eng_EU_015.jpg
205;data/dataset/eng_EU_016.jpg
206;data/dataset/eng_EU_017.jpg
207;data/dataset/eng_EU_018.jpg
208;data/dataset/eng_EU_019.jpg
209;data/dataset/eng_EU_021.jpg
210;data/dataset/eng_EU_022.jpg
211;data/dataset/eng_EU_023.jpg
212;data/dataset/eng_EU_024.jpg
213;data/dataset/eng_EU_025.jpg
214;data/dataset/eng_EU_026.jpg
215;data/dataset/eng_EU_027.jpg
216;data/dataset/eng_EU_028.jpg
217;data/dataset/eng_EU_029.jpg
218;data/dataset/eng_EU_030.jpg
219;data/dataset/eng_EU_031.jpg
220;data/dataset/eng_EU_032.jpg
221;data/dataset/eng_EU_033.jpg
222;data/dataset/eng_EU_034.jpg
223;data/dataset/eng_EU_035.jpg
224;data/dataset/eng_EU_036.jpg
225;data/dataset/eng_EU_037.jpg
226;data/dataset/eng_EU_038.jpg
227;data/dataset/eng_EU_039.jpg
228;data/dataset/eng_EU_040.jpg
229;data/dataset/eng_EU_041.jpg
230;data/dataset/eng_EU_042.jpg
231;data/dataset/eng_EU_044.jpg
232;data/dataset/eng_EU_045.jpg
233;data/dataset/eng_EU_046.jpg
234;data/dataset/eng_EU_047.jpg
235;data/dataset/eng_EU_048.jpg
236;data/dataset/eng_EU_049.jpg
237;data/dataset/eng_EU_050.jpg
238;data/dataset/eng_EU_051.jpg
239;data/dataset/eng_EU_052.jpg
240;data/dataset/eng_EU_053.jpg
241;data/dataset/eng_EU_054.jpg
242;data/dataset/eng_EU_055.jpg
243;data/dataset/eng_EU_056.jpg
244;data/dataset/eng_EU_057.jpg
245;data/dataset/eng_EU_059.jpg
246;data/dataset/eng_EU_060.jpg
247;data/dataset/eng_EU_061.jpg
248;data/dataset/eng_EU_062.jpg
249;data/dataset/eng_EU_063.jpg
250;data/dataset/eng_EU_064.jpg
251;data/dataset/eng_EU_065.jpg
252;data/dataset/eng_EU_066.jpg
253;data/dataset/eng_EU_067.jpg
254;data/dataset/eng_EU_068.jpg
255;data/dataset/eng_EU_069.jpg
256;data/dataset/eng_EU_070.jpg
257;data/dataset/eng_EU_071.jpg
258;data/dataset/eng_EU_072.jpg
259;data/dataset/eng_EU_073.jpg
260;data/dataset/eng_EU_074.jpg
261;data/dataset/eng_EU_075.jpg
262;data/dataset/eng_EU_076.jpg
263;data/dataset/eng_EU_077.jpg
264;data/dataset/eng_EU_078.jpg
265;data/dataset/eng_EU_079.jpg
266;data/dataset/eng_EU_080.jpg
267;data/dataset/eng_EU_081.jpg
268;data/dataset/eng_EU_082.jpg
269;data/dataset/eng_EU_083.jpg
270;data/dataset/eng_EU_084.jpg
271;data/dataset/eng_EU_085.jpg
272;data/dataset/eng_EU_086.jpg
273;data/dataset/eng_EU_087.jpg
274;data/dataset/eng_EU_088.jpg
275;data/dataset/eng_EU_089.jpg
276;data/dataset/eng_EU_090.jpg
277;data/dataset/eng_EU_091.jpg
278;data/dataset/eng_EU_092.jpg
279;data/dataset/eng_EU_093.jpg
280;data/dataset/eng_EU_094.jpg
281;data/dataset/eng_EU_095.jpg
282;data/dataset/eng_EU_096.jpg
283;data/dataset/eng_EU_097.jpg
284;data/dataset/eng_EU_098.jpg
285;data/dataset/eng_EU_099.jpg
286;data/dataset/eng_EU_100.jpg
287;data/dataset/eng_EU_101.jpg
288;data/dataset/eng_EU_102.jpg
289;data/dataset/eng_EU_103.jpg
290;data/dataset/eng_EU_104.jpg
291;data/dataset/eng_EU_105.jpg
292;data/dataset/eng_EU_106.jpg
293;data/dataset/eng_EU_107.jpg
294;data/dataset/eng_EU_108.jpg
295;data/dataset/eng_EU_109.jpg
296;data/dataset/eng_EU_110.jpg
297;data/dataset/eng_EU_111.jpg
298;data/dataset/eng_EU_112.jpg
299;data/dataset/eng_EU_113.jpg
300;data/dataset/eng_EU_114.jpg
301;data/dataset/eng_EU_115.jpg
302;data/dataset/eng_EU_116.jpg
303;data/dataset/eng_EU_117.jpg
304;data/dataset/eng_EU_119.jpg
305;data/dataset/eng_EU_120.jpg
306;data/dataset/eng_EU_121.jpg
307;data/dataset/eng_EU_122.jpg
308;data/dataset/eng_EU_123.jpg
309;data/dataset/eng_EU_124.jpg
310;data/dataset/eng_EU_125.jpg
311;data/dataset/eng_EU_126.jpg
312;data/dataset/eng_EU_127.jpg
313;data/dataset/eng_EU_128.jpg
314;data/dataset/eng_EU_129.jpg
315;data/dataset/eng_EU_130.jpg
316;data/dataset/eng_EU_131.jpg
317;data/dataset/eng_EU_132.jpg
318;data/dataset/eng_EU_133.jpg
319;data/dataset/eng_EU_134.jpg
320;data/dataset/eng_EU_135.jpg
321;data/dataset/eng_EU_136.jpg
322;data/dataset/eng_EU_137.jpg
323;data/dataset/eng_EU_138.jpg
324;data/dataset/eng_EU_139.jpg
325;data/dataset/eng_EU_140.jpg
326;data/dataset/eng_EU_141.jpg
327;data/dataset/eng_EU_142.jpg
328;data/dataset/eng_EU_143.jpg
329;data/dataset/eng_EU_144.jpg
330;data/dataset/eng_EU_145.jpg
331;data/dataset/eng_EU_146.jpg
332;data/dataset/eng_EU_147.jpg
333;data/dataset/eng_EU_149.jpg
334;data/dataset/eng_EU_150.jpg
335;data/dataset/eng_EU_151.jpg
336;data/dataset/eng_EU_152.jpg
337;data/dataset/eng_EU_153.jpg
338;data/dataset/eng_EU_154.jpg
339;data/dataset/eng_EU_155.jpg
340;data/dataset/eng_EU_156.jpg
341;data/dataset/eng_EU_157.jpg
342;data/dataset/eng_EU_158.jpg
343;data/dataset/eng_EU_159.jpg
344;data/dataset/eng_EU_160.jpg
345;data/dataset/eng_EU_161.jpg
346;data/dataset/eng_EU_162.jpg
347;data/dataset/eng_EU_163.jpg
348;data/dataset/eng_EU_164.jpg
349;data/dataset/eng_EU_165.jpg
350;data/dataset/eng_EU_166.jpg
351;data/dataset/eng_EU_167.jpg
352;data/dataset/eng_EU_168.jpg
353;data/dataset/eng_EU_169.jpg
354;data/dataset/eng_EU_170.jpg
355;data/dataset/eng_EU_171.jpg
356;data/dataset/eng_EU_172.jpg
357;data/dataset/eng_EU_173.jpg
358;data/dataset/eng_EU_174.jpg
359;data/dataset/eng_EU_175.jpg
360;data/dataset/eng_EU_176.jpg
361;data/dataset/eng_EU_177.jpg
362;data/dataset/eng_EU_178.jpg
363;data/dataset/eng_EU_179.jpg
364;data/dataset/eng_EU_180.jpg
365;data/dataset/eng_EU_181.jpg
366;data/dataset/eng_EU_182.jpg
367;data/dataset/eng_EU_183.jpg
368;data/dataset/eng_EU_184.jpg
369;data/dataset/eng_EU_185.jpg
370;data/dataset/eng_EU_186.jpg
371;data/dataset/eng_EU_187.jpg
372;data/dataset/eng_EU_188.jpg
373;data/dataset/eng_EU_189.jpg
374;data/dataset/eng_EU_190.jpg
375;data/dataset/eng_EU_191.jpg
376;data/dataset/eng_EU_192.jpg
377;data/dataset/eng_EU_193.jpg
378;data/dataset/eng_EU_194.jpg
379;data/dataset/eng_EU_195.jpg
380;data/dataset/eng_EU_196.jpg
381;data/dataset/eng_EU_197.jpg
382;data/dataset/eng_EU_198.jpg
383;data/dataset/eng_EU_199.jpg
384;data/dataset/eng_EU_200.jpg
385;data/dataset/eng_EU_201.jpg
386;data/dataset/eng_EU_202.jpg
387;data/dataset/eng_EU_203.jpg
388;data/dataset/eng_EU_204.jpg
389;data/dataset/eng_EU_205.jpg
390;data/dataset/eng_EU_207.jpg
391;data/dataset/eng_EU_208.jpg
392;data/dataset/eng_EU_209.jpg
393;data/dataset/eng_EU_210.jpg
394;data/dataset/eng_EU_211.jpg
395;data/dataset/eng_EU_212.jpg
396;data/dataset/eng_EU_213.jpg
397;data/dataset/eng_EU_214.jpg
398;data/dataset/eng_EU_215.jpg
399;data/dataset/eng_EU_216.jpg
400;data/dataset/eng_EU_217.jpg
401;data/dataset/eng_EU_218.jpg
402;data/dataset/eng_EU_219.jpg
403;data/dataset/eng_EU_220.jpg
404;data/dataset/eng_EU_221.jpg
405;data/dataset/eng_EU_222.jpg
406;data/dataset/eng_EU_223.jpg
407;data/dataset/eng_EU_224.jpg
408;data/dataset/eng_EU_225.jpg
409;data/dataset/eng_EU_226.jpg
410;data/dataset/eng_EU_227.jpg
411;data/dataset/eng_EU_228.jpg
412;data/dataset/eng_EU_229.jpg
413;data/dataset/eng_EU_230.jpg
414;data/dataset/eng_EU_231.jpg
415;data/dataset/eng_EU_232.jpg
416;data/dataset/eng_EU_233.jpg
417;data/dataset/eng_EU_234.jpg
418;data/dataset/eng_EU_235.jpg
419;data/dataset/eng_EU_236.jpg
420;data/dataset/eng_EU_237.jpg
421;data/dataset/eng_EU_238.jpg
422;data/dataset/eng_EU_239.jpg
423;data/dataset/eng_EU_240.jpg
424;data/dataset/eng_EU_241.jpg
425;data/dataset/eng_EU_242.jpg
426;data/dataset/eng_EU_243.jpg
427;data/dataset/eng_EU_244.jpg
428;data/dataset/eng_EU_245.jpg
429;data/dataset/eng_EU_246.jpg
430;data/dataset/eng_EU_247.jpg
431;data/dataset/eng_EU_248.jpg
432;data/dataset/eng_EU_249.jpg
433;data/dataset/eng_EU_250.jpg
434;data/dataset/eng_EU_251.jpg
435;data/dataset/eng_EU_252.jpg
436;data/dataset/eng_EU_253.jpg
437;data/dataset/eng_EU_254.jpg
438;data/dataset/eng_EU_255.jpg
439;data/dataset/eng_EU_256.jpg
440;data/dataset/eng_EU_257.jpg
441;data/dataset/eng_EU_258.jpg
442;data/dataset/eng_EU_259.jpg
443;data/dataset/eng_EU_260.jpg
444;data/dataset/eng_EU_261.jpg
445;data/dataset/eng_EU_262.jpg
446;data/dataset/eng_EU_263.jpg
447;data/dataset/eng_EU_264.jpg
448;data/dataset/eng_EU_265.jpg
449;data/dataset/eng_EU_266.jpg
450;data/dataset/eng_EU_267.jpg
451;data/dataset/eng_EU_268.jpg
452;data/dataset/eng_EU_269.jpg
453;data/dataset/eng_EU_270.jpg
454;data/dataset/eng_EU_271.jpg
455;data/dataset/eng_EU_272.jpg
456;data/dataset/eng_EU_273.jpg
457;data/dataset/eng_EU_274.jpg
458;data/dataset/eng_EU_275.jpg
459;data/dataset/eng_EU_276.jpg
460;data/dataset/eng_EU_277.jpg
461;data/dataset/eng_EU_278.jpg
462;data/dataset/eng_EU_279.jpg
463;data/dataset/eng_EU_280.jpg
464;data/dataset/eng_EU_281.jpg
465;data/dataset/eng_EU_282.jpg
466;data/dataset/eng_EU_283.jpg
467;data/dataset/eng_EU_284.jpg
468;data/dataset/eng_EU_286.jpg
469;data/dataset/eng_EU_287.jpg
470;data/dataset/eng_EU_288.jpg
471;data/dataset/eng_EU_291.jpg
472;data/dataset/eng_EU_292.jpg
473;data/dataset/eng_EU_293.jpg
474;data/dataset/eng_EU_294.jpg
475;data/dataset/eng_EU_295.jpg
476;data/dataset/eng_EU_296.jpg
477;data/dataset/eng_EU_297.jpg
478;data/dataset/eng_EU_299.jpg
479;data/dataset/eng_EU_301.jpg
480;data/dataset/eng_EU_302.jpg
481;data/dataset/eng_EU_303.jpg
482;data/dataset/eng_EU_304.jpg
483;data/dataset/eng_EU_305.jpg
484;data/dataset/eng_EU_306.jpg
485;data/dataset/eng_EU_307.jpg
486;data/dataset/eng_EU_308.jpg
487;data/dataset/eng_EU_309.jpg
488;data/dataset/eng_EU_310.jpg
489;data/dataset/eng_EU_311.jpg
490;data/dataset/eng_EU_313.jpg
491;data/dataset/eng_EU_314.jpg
492;data/dataset/eng_EU_315.jpg
493;data/dataset/eng_EU_316.jpg
494;data/dataset/eng_EU_317.jpg
495;data/dataset/eng_EU_318.jpg
496;data/dataset/eng_EU_319.jpg
497;data/dataset/eng_EU_320.jpg
498;data/dataset/eng_EU_321.jpg
499;data/dataset/eng_NA_001.jpg
500;data/dataset/eng_NA_002.jpg
501;data/dataset/eng_NA_003.jpg
502;data/dataset/eng_NA_004.jpg
503;data/dataset/eng_NA_005.jpg
504;data/dataset/eng_NA_006.jpg
505;data/dataset/eng_NA_007.jpg
506;data/dataset/eng_NA_008.jpg
507;data/dataset/eng_NA_010.jpg
508;data/dataset/eng_NA_011.jpg
509;data/dataset/eng_NA_012.jpg
510;data/dataset/eng_NA_013.jpg
511;data/dataset/eng_NA_014.jpg
512;data/dataset/eng_NA_016.jpg
513;data/dataset/eng_NA_017.jpg
514;data/dataset/eng_NA_019.jpg
515;data/dataset/eng_NA_020.jpg
516;data/dataset/eng_NA_021.jpg
517;data/dataset/eng_NA_022.jpg
518;data/dataset/eng_NA_024.jpg
519;data/dataset/eng_NA_025.jpg
520;data/dataset/eng_NA_028.jpg
521;data/dataset/eng_NA_029.jpg
522;data/dataset/eng_NA_030.jpg
523;data/dataset/eng_NA_031.jpg
524;data/dataset/eng_NA_032.jpg
525;data/dataset/eng_NA_033.jpg
526;data/dataset/eng_NA_034.jpg
527;data/dataset/eng_NA_035.jpg
528;data/dataset/eng_NA_036.jpg
529;data/dataset/eng_NA_037.jpg
530;data/dataset/eng_NA_038.jpg
531;data/dataset/eng_NA_039.jpg
532;data/dataset/eng_NA_040.jpg
533;data/dataset/eng_NA_041.jpg
534;data/dataset/eng_NA_042.jpg
535;data/dataset/eng_NA_044.jpg
536;data/dataset/eng_NA_045.jpg
537;data/dataset/eng_NA_046.jpg
538;data/dataset/eng_NA_047.jpg
539;data/dataset/eng_NA_048.jpg
540;data/dataset/eng_NA_049.jpg
541;data/dataset/eng_NA_050.jpg
542;data/dataset/eng_NA_051.jpg
543;data/dataset/eng_NA_052.jpg
544;data/dataset/eng_NA_053.jpg
545;data/dataset/eng_NA_054.jpg
546;data/dataset/eng_NA_055.jpg
547;data/dataset/eng_NA_056.jpg
548;data/dataset/eng_NA_057.jpg
549;data/dataset/eng_NA_058.jpg
551;data/dataset/eng_NA_061.jpg
552;data/dataset/eng_NA_062.jpg
553;data/dataset/eng_NA_063.jpg
554;data/dataset/eng_NA_064.jpg
555;data/dataset/eng_NA_065.jpg
556;data/dataset/eng_NA_066.jpg
557;data/dataset/eng_NA_067.jpg
558;data/dataset/eng_NA_068.jpg
559;data/dataset/eng_NA_069.jpg
560;data/dataset/eng_NA_070.jpg
561;data/dataset/eng_NA_071.jpg
562;data/dataset/eng_NA_073.jpg
563;data/dataset/eng_NA_074.jpg
564;data/dataset/eng_NA_075.jpg
565;data/dataset/eng_NA_076.jpg
566;data/dataset/eng_NA_077.jpg
567;data/dataset/eng_NA_078.jpg
568;data/dataset/eng_NA_079.jpg
569;data/dataset/eng_NA_081.jpg
570;data/dataset/eng_NA_082.jpg
571;data/dataset/eng_NA_083.jpg
572;data/dataset/eng_NA_085.jpg
573;data/dataset/eng_NA_086.jpg
574;data/dataset/eng_NA_087.jpg
575;data/dataset/eng_NA_088.jpg
576;data/dataset/eng_NA_089.jpg
577;data/dataset/eng_NA_090.jpg
578;data/dataset/eng_NA_091.jpg
579;data/dataset/eng_NA_092.jpg
580;data/dataset/eng_NA_093.jpg
581;data/dataset/eng_NA_094.jpg
582;data/dataset/eng_NA_095.jpg
583;data/dataset/eng_NA_096.jpg
584;data/dataset/eng_NA_097.jpg
585;data/dataset/eng_NA_098.jpg
586;data/dataset/eng_NA_099.jpg
587;data/dataset/eng_NA_100.jpg
588;data/dataset/eng_NA_101.jpg
589;data/dataset/eng_NA_102.jpg
590;data/dataset/eng_NA_103.jpg
591;data/dataset/eng_NA_104.jpg
592;data/dataset/eng_NA_105.jpg
593;data/dataset/eng_NA_106.jpg
594;data/dataset/eng_NA_107.jpg
595;data/dataset/eng_NA_108.jpg
596;data/dataset/eng_NA_109.jpg
597;data/dataset/eng_NA_110.jpg
598;data/dataset/eng_NA_111.jpg
599;data/dataset/eng_NA_113.jpg
600;data/dataset/eng_NA_115.jpg
601;data/dataset/eng_NA_116.jpg
602;data/dataset/eng_NA_117.jpg
603;data/dataset/eng_NA_118.jpg
604;data/dataset/eng_NA_119.jpg
605;data/dataset/eng_NA_120.jpg
606;data/dataset/eng_NA_121.jpg
607;data/dataset/eng_NA_123.jpg
608;data/dataset/eng_NA_124.jpg
609;data/dataset/eng_NA_125.jpg
610;data/dataset/eng_NA_128.jpg
611;data/dataset/eng_NA_129.jpg
612;data/dataset/eng_NA_130.jpg
613;data/dataset/eng_NA_131.jpg
614;data/dataset/eng_NA_133.jpg
615;data/dataset/eng_NA_135.jpg
616;data/dataset/eng_NA_138.jpg
617;data/dataset/eng_NA_139.jpg
618;data/dataset/eng_NA_140.jpg
619;data/dataset/eng_NA_141.jpg
620;data/dataset/eng_NA_142.jpg
621;data/dataset/eng_NA_143.jpg
622;data/dataset/eng_NA_144.jpg
623;data/dataset/eng_NA_145.jpg
624;data/dataset/eng_NA_146.jpg
625;data/dataset/a01-000u.png
626;data/dataset/a01-000x.png
627;data/dataset/a01-003.png
628;data/dataset/a01-003u.png
629;data/dataset/a01-003x.png
630;data/dataset/a01-007.png
631;data/dataset/a01-007u.png
632;data/dataset/a01-007x.png
633;data/dataset/a01-011.png
634;data/dataset/a01-011u.png
635;data/dataset/a01-011x.png
636;data/dataset/a01-014.png
637;data/dataset/a01-014u.png
638;data/dataset/a01-014x.png
639;data/dataset/a01-020.png
640;data/dataset/a01-020u.png
641;data/dataset/a01-020x.png
642;data/dataset/a01-026.png
643;data/dataset/a01-026u.png
644;data/dataset/a01-026x.png
645;data/dataset/a01-030.png
646;data/dataset/a01-030u.png
647;data/dataset/a01-030x.png
648;data/dataset/a01-038.png
649;data/dataset/a01-038x.png
650;data/dataset/a01-043.png
651;data/dataset/a01-043u.png
652;data/dataset/a01-043x.png
653;data/dataset/a01-049.png
654;data/dataset/a01-049u.png
655;data/dataset/a01-049x.png
656;data/dataset/a01-053.png
657;data/dataset/a01-053u.png
658;data/dataset/a01-053x.png
659;data/dataset/a01-058.png
660;data/dataset/a01-058u.png
661;data/dataset/a01-058x.png
662;data/dataset/a01-063.png
663;data/dataset/a01-063u.png
664;data/dataset/a01-063x.png
665;data/dataset/a01-068u.png
666;data/dataset/a01-072u.png
667;data/dataset/a01-072x.png
668;data/dataset/a01-077.png
669;data/dataset/a01-077u.png
670;data/dataset/a01-082u.png
671;data/dataset/a01-087.png
672;data/dataset/a01-087u.png
673;data/dataset/a01-091.png
674;data/dataset/a01-091u.png
675;data/dataset/a01-096u.png
676;data/dataset/a01-102.png
677;data/dataset/a01-102u.png
678;data/dataset/a01-107.png
679;data/dataset/a01-107u.png
680;data/dataset/a01-113.png
681;data/dataset/a01-113u.png
682;data/dataset/a01-117.png
683;data/dataset/a01-117u.png
684;data/dataset/a01-122.png
685;data/dataset/a01-122u.png
686;data/dataset/a01-128.png
687;data/dataset/a01-128u.png
688;data/dataset/a01-132.png
689;data/dataset/a01-132u.png
690;data/dataset/a01-132x.png
691;data/dataset/a02-000.png
692;data/dataset/a02-004.png
693;data/dataset/a02-008.png
694;data/dataset/a02-012.png
695;data/dataset/a02-017.png
696;data/dataset/a02-020.png
697;data/dataset/a02-024.png
698;data/dataset/a02-027.png
699;data/dataset/a02-032.png
700;data/dataset/a02-037.png
701;data/dataset/a02-042.png
702;data/dataset/a02-046.png
703;data/dataset/a02-050.png
704;data/dataset/a02-053.png
705;data/dataset/a02-057.png
706;data/dataset/a02-062.png
707;data/dataset/a02-067.png
708;data/dataset/a02-072.png
709;data/dataset/a02-078.png
710;data/dataset/a02-082.png
711;data/dataset/a02-086.png
712;data/dataset/a02-090.png
713;data/dataset/a02-093.png
714;data/dataset/a02-098.png
715;data/dataset/a02-102.png
716;data/dataset/a02-106.png
717;data/dataset/a02-111.png
718;data/dataset/a02-116.png
719;data/dataset/a02-120.png
720;data/dataset/a02-124.png
721;data/dataset/a03-006.png
722;data/dataset/a03-009.png
723;data/dataset/a03-011.png
724;data/dataset/a03-014.png
725;data/dataset/a03-017.png
726;data/dataset/a03-020.png
727;data/dataset/a03-023.png
728;data/dataset/a03-027.png
729;data/dataset/a03-030.png
730;data/dataset/a03-034.png
731;data/dataset/a03-037.png
732;data/dataset/a03-040.png
733;data/dataset/a03-043.png
734;data/dataset/a03-047.png
735;data/dataset/a03-050.png
736;data/dataset/a03-054.png
737;data/dataset/a03-059.png
738;data/dataset/a03-063.png
739;data/dataset/a03-066.png
740;data/dataset/a03-071.png
741;data/dataset/a03-073.png
742;data/dataset/a03-080.png
743;data/dataset/a03-089.png
744;data/dataset/a04-000.png
745;data/dataset/a04-003.png
746;data/dataset/a04-006.png
747;data/dataset/a04-010.png
748;data/dataset/a04-015.png
749;data/dataset/a04-019.png
750;data/dataset/a04-023.png
751;data/dataset/a04-027.png
752;data/dataset/a04-031.png
753;data/dataset/a04-035.png
754;data/dataset/a04-039.png
755;data/dataset/a04-043.png
756;data/dataset/a04-047.png
757;data/dataset/a04-050.png
758;data/dataset/a04-054.png
759;data/dataset/a04-059.png
760;data/dataset/a04-066.png
761;data/dataset/a04-069.png
762;data/dataset/a04-072.png
763;data/dataset/a04-081.png
764;data/dataset/a04-085.png
765;data/dataset/a04-089.png
766;data/dataset/a04-092.png
767;data/dataset/a04-096.png
768;data/dataset/a04-099.png
769;data/dataset/a04-103.png
770;data/dataset/a05-000.png
771;data/dataset/a05-004.png
772;data/dataset/a05-009.png
773;data/dataset/a05-013.png
774;data/dataset/a05-017.png
775;data/dataset/a05-022.png
776;data/dataset/a05-025.png
777;data/dataset/a05-029.png
778;data/dataset/a05-039.png
779;data/dataset/a05-044.png
780;data/dataset/a05-048.png
781;data/dataset/a05-053.png
782;data/dataset/a05-058.png
783;data/dataset/a05-062.png
784;data/dataset/a05-069.png
785;data/dataset/a05-073.png
786;data/dataset/a05-080.png
787;data/dataset/a05-084.png
788;data/dataset/a05-089.png
789;data/dataset/a05-094.png
790;data/dataset/a05-099.png
791;data/dataset/a05-104.png
792;data/dataset/a05-108.png
793;data/dataset/a05-113.png
794;data/dataset/a05-116.png
795;data/dataset/a05-121.png
796;data/dataset/a05-125.png
797;data/dataset/a06-000.png
798;data/dataset/a06-004.png
799;data/dataset/a06-008.png
800;data/dataset/a06-014.png
801;data/dataset/a06-020.png
802;data/dataset/a06-025.png
803;data/dataset/a06-036.png
804;data/dataset/a06-039.png
805;data/dataset/a06-044.png
806;data/dataset/a06-051.png
807;data/dataset/a06-057.png
808;data/dataset/a06-064.png
809;data/dataset/a06-070.png
810;data/dataset/a06-075.png
811;data/dataset/a06-090.png
812;data/dataset/a06-095.png
813;data/dataset/a06-100.png
814;data/dataset/a06-110.png
815;data/dataset/a06-114.png
816;data/dataset/a06-119.png
817;data/dataset/a06-124.png
818;data/dataset/a06-128.png
819;data/dataset/a06-134.png
820;data/dataset/a06-141.png
821;data/dataset/a06-147.png
822;data/dataset/a06-152.png
823;data/dataset/a06-157.png
824;data/dataset/b01-000.png
825;data/dataset/b01-004.png
826;data/dataset/b01-009.png
827;data/dataset/b01-014.png
828;data/dataset/b01-018.png
829;data/dataset/b01-023.png
830;data/dataset/b01-027.png
831;data/dataset/b01-033.png
832;data/dataset/b01-038.png
833;data/dataset/b01-044.png
834;data/dataset/b01-049.png
835;data/dataset/b01-053.png
836;data/dataset/b01-057.png
837;data/dataset/b01-062.png
838;data/dataset/b01-073.png
839;data/dataset/b01-079.png
840;data/dataset/b01-084.png
841;data/dataset/b01-089.png
842;data/dataset/b01-094.png
843;data/dataset/b01-113.png
844;data/dataset/b01-118.png
845;data/dataset/b01-122.png
846;data/dataset/b01-127.png
847;data/dataset/b01-132.png
848;data/dataset/b01-136.png
849;data/dataset/b02-013.png
850;data/dataset/b02-035.png
851;data/dataset/b02-045.png
852;data/dataset/b02-097.png
853;data/dataset/b02-102.png
854;data/dataset/b02-105.png
855;data/dataset/b03-025.png
856;data/dataset/b03-087.png
857;data/dataset/b03-092.png
858;data/dataset/b03-098.png
859;data/dataset/b03-104.png
860;data/dataset/b03-109.png
861;data/dataset/b03-114.png
862;data/dataset/b04-000.png
863;data/dataset/b04-004.png
864;data/dataset/b04-010.png
865;data/dataset/b04-020.png
866;data/dataset/b04-026.png
867;data/dataset/b04-034.png
868;data/dataset/b04-040.png
869;data/dataset/b04-047.png
870;data/dataset/b04-054.png
871;data/dataset/b04-060.png
872;data/dataset/b04-066.png
873;data/dataset/b04-075.png
874;data/dataset/b04-081.png
875;data/dataset/b04-089.png
876;data/dataset/b04-096.png
877;data/dataset/b04-103.png
878;data/dataset/b04-107.png
879;data/dataset/b04-116.png
880;data/dataset/b04-121.png
881;data/dataset/b04-128.png
882;data/dataset/b04-134.png
883;data/dataset/b04-140.png
884;data/dataset/b04-147.png
885;data/dataset/b04-154.png
886;data/dataset/b04-162.png
887;data/dataset/b04-169.png
888;data/dataset/b04-175.png
889;data/dataset/b04-181.png
890;data/dataset/b04-187.png
891;data/dataset/b04-195.png
892;data/dataset/b04-202.png
893;data/dataset/b04-208.png
894;data/dataset/b05-017.png
895;data/dataset/b05-032.png
896;data/dataset/b05-038.png
897;data/dataset/b05-042.png
898;data/dataset/b05-045.png
899;data/dataset/b05-050.png
900;data/dataset/b05-055.png
901;data/dataset/b05-058.png
902;data/dataset/b05-062.png
903;data/dataset/b05-067.png
904;data/dataset/b05-071.png
905;data/dataset/b05-074.png
906;data/dataset/b05-079.png
907;data/dataset/b05-083.png
908;data/dataset/b05-088.png
909;data/dataset/b05-098.png
910;data/dataset/b06-000.png
911;data/dataset/b06-004.png
912;data/dataset/b06-008.png
913;data/dataset/b06-012.png
914;data/dataset/b06-015.png
915;data/dataset/b06-019.png
916;data/dataset/b06-023.png
917;data/dataset/b06-027.png
918;data/dataset/b06-032.png
919;data/dataset/b06-036.png
920;data/dataset/b06-042.png
921;data/dataset/b06-045.png
922;data/dataset/b06-049.png
923;data/dataset/b06-053.png
924;data/dataset/b06-056.png
925;data/dataset/b06-059.png
926;data/dataset/b06-064.png
927;data/dataset/b06-068.png
928;data/dataset/b06-071.png
929;data/dataset/b06-075.png
930;data/dataset/b06-079.png
931;data/dataset/b06-082.png
932;data/dataset/b06-087.png
933;data/dataset/b06-090.png
934;data/dataset/b06-093.png
935;data/dataset/b06-097.png
936;data/dataset/b06-100.png
937;data/dataset/b06-110.png
938;data/dataset/c01-009.png
939;data/dataset/c01-014.png
940;data/dataset/c01-066.png
941;data/dataset/c02-000.png
942;data/dataset/c02-003.png
943;data/dataset/c02-007.png
944;data/dataset/c02-012.png
945;data/dataset/c02-017.png
946;data/dataset/c02-022.png
947;data/dataset/c02-026.png
948;data/dataset/c02-030.png
949;data/dataset/c02-035.png
950;data/dataset/c02-049.png
951;data/dataset/c02-056.png
952;data/dataset/c02-059.png
953;data/dataset/c02-078.png
954;data/dataset/c02-082.png
955;data/dataset/c02-089.png
956;data/dataset/c03-000a.png
957;data/dataset/c03-000b.png
958;data/dataset/c03-000c.png
959;data/dataset/c03-000d.png
960;data/dataset/c03-000e.png
961;data/dataset/c03-000f.png
962;data/dataset/c03-003a.png
963;data/dataset/c03-003b.png
964;data/dataset/c03-003c.png
965;data/dataset/c03-003d.png
966;data/dataset/c03-003e.png
967;data/dataset/c03-003f.png
968;data/dataset/c03-007.png
969;data/dataset/c03-007a.png
970;data/dataset/c03-007b.png
971;data/dataset/c03-007c.png
972;data/dataset/c03-007d.png
973;data/dataset/c03-007e.png
974;data/dataset/c03-007f.png
975;data/dataset/c03-016a.png
976;data/dataset/c03-016b.png
977;data/dataset/c03-016c.png
978;data/dataset/c03-016d.png
979;data/dataset/c03-016e.png
980;data/dataset/c03-021a.png
981;data/dataset/c03-021b.png
982;data/dataset/c03-021c.png
983;data/dataset/c03-021d.png
984;data/dataset/c03-021e.png
985;data/dataset/c03-021f.png
986;data/dataset/c03-081a.png
987;data/dataset/c03-081b.png
988;data/dataset/c03-081c.png
989;data/dataset/c03-081d.png
990;data/dataset/c03-081e.png
991;data/dataset/c03-081f.png
992;data/dataset/c03-084a.png
993;data/dataset/c03-084b.png
994;data/dataset/c03-084c.png
995;data/dataset/c03-084d.png
996;data/dataset/c03-084e.png
997;data/dataset/c03-084f.png
998;data/dataset/c03-087a.png
999;data/dataset/c03-087b.png
1000;data/dataset/c03-087c.png
1001;data/dataset/c03-087d.png
1002;data/dataset/c03-087e.png
1003;data/dataset/c03-087f.png
1004;data/dataset/c03-094a.png
1005;data/dataset/c03-094b.png
1006;data/dataset/c03-094c.png
1007;data/dataset/c03-094d.png
1008;data/dataset/c03-094e.png
1009;data/dataset/c03-094f.png
1010;data/dataset/c03-096a.png
1011;data/dataset/c03-096b.png
1012;data/dataset/c03-096c.png
1013;data/dataset/c03-096d.png
1014;data/dataset/c03-096e.png
1015;data/dataset/c03-096f.png
1016;data/dataset/c04-000.png
1017;data/dataset/c04-004.png
1018;data/dataset/c04-008.png
1019;data/dataset/c04-013.png
1020;data/dataset/c04-017.png
1021;data/dataset/c04-023.png
1022;data/dataset/c04-028.png
1023;data/dataset/c04-035.png
1024;data/dataset/c04-039.png
1025;data/dataset/c04-044.png
1026;data/dataset/c04-050.png
1027;data/dataset/c04-056.png
1028;data/dataset/c04-061.png
1029;data/dataset/c04-066.png
1030;data/dataset/c04-075.png
1031;data/dataset/c04-080.png
1032;data/dataset/c04-089.png
1033;data/dataset/c04-098.png
1034;data/dataset/c04-105.png
1035;data/dataset/c04-110.png
1036;data/dataset/c04-116.png
1037;data/dataset/c04-122.png
1038;data/dataset/c04-128.png
1039;data/dataset/c04-134.png
1040;data/dataset/c04-139.png
1041;data/dataset/c04-144.png
1042;data/dataset/c04-150.png
1043;data/dataset/c04-156.png
1044;data/dataset/c04-160.png
1045;data/dataset/c04-165.png
1046;data/dataset/c04-170.png
1047;data/dataset/c06-000.png
1048;data/dataset/c06-005.png
1049;data/dataset/c06-011.png
1050;data/dataset/c06-014.png
1051;data/dataset/c06-020.png
1052;data/dataset/c06-027.png
1053;data/dataset/c06-031.png
1054;data/dataset/c06-039.png
1055;data/dataset/c06-043.png
1056;data/dataset/c06-047.png
1057;data/dataset/c06-052.png
1058;data/dataset/c06-058.png
1059;data/dataset/c06-076.png
1060;data/dataset/c06-080.png
1061;data/dataset/c06-083.png
1062;data/dataset/c06-087.png
1063;data/dataset/c06-091.png
1064;data/dataset/c06-095.png
1065;data/dataset/c06-100.png
1066;data/dataset/c06-103.png
1067;data/dataset/c06-106.png
1068;data/dataset/c06-111.png
1069;data/dataset/c06-116.png
1070;data/dataset/c06-128.png
1071;data/dataset/c06-138.png
1072;data/dataset/d01-016.png
1073;data/dataset/d01-019.png
1074;data/dataset/d01-024.png
1075;data/dataset/d01-049.png
1076;data/dataset/d01-052.png
1077;data/dataset/d01-056.png
1078;data/dataset/d01-060.png
1079;data/dataset/d01-080.png
1080;data/dataset/d01-085.png
1081;data/dataset/d01-098.png
1082;data/dataset/d01-104.png
1083;data/dataset/d01-118.png
1084;data/dataset/d01-123.png
1085;data/dataset/d03-112.png
1086;data/dataset/d03-117.png
1087;data/dataset/d04-005.png
1088;data/dataset/d04-008.png
1089;data/dataset/d04-012.png
1090;data/dataset/d04-016.png
1091;data/dataset/d04-021.png
1092;data/dataset/d04-028.png
1093;data/dataset/d04-032.png
1094;data/dataset/d04-037.png
1095;data/dataset/d04-047.png
1096;data/dataset/d04-050.png
1097;data/dataset/d04-053.png
1098;data/dataset/d04-058.png
1099;data/dataset/d04-062.png
1100;data/dataset/d04-066.png
1101;data/dataset/d04-071.png
1102;data/dataset/d04-075.png
1103;data/dataset/d04-081.png
1104;data/dataset/d04-086.png
1105;data/dataset/d04-089.png
1106;data/dataset/d04-096.png
1107;data/dataset/d04-101.png
1108;data/dataset/d04-111.png
1109;data/dataset/d04-117.png
1110;data/dataset/d04-121.png
1111;data/dataset/d04-125.png
1112;data/dataset/d04-131.png
1113;data/dataset/d05-008.png
1114;data/dataset/d05-013.png
1115;data/dataset/d05-021.png
1116;data/dataset/d05-025.png
1117;data/dataset/d05-030.png
1118;data/dataset/d05-040.png
1119;data/dataset/d06-000.png
1120;data/dataset/d06-003.png
1121;data/dataset/d06-008.png
1122;data/dataset/d06-011.png
1123;data/dataset/d06-015.png
1124;data/dataset/d06-020.png
1125;data/dataset/d06-025.png
1126;data/dataset/d06-027.png
1127;data/dataset/d06-030.png
1128;data/dataset/d06-037.png
1129;data/dataset/d06-041.png
1130;data/dataset/d06-046.png
1131;data/dataset/d06-050.png
1132;data/dataset/d06-056.png
1133;data/dataset/d06-060.png
1134;data/dataset/d06-063.png
1135;data/dataset/d06-067.png
1136;data/dataset/d06-072.png
1137;data/dataset/d06-076.png
1138;data/dataset/d06-082.png
1139;data/dataset/d06-086.png
1140;data/dataset/d06-091.png
1141;data/dataset/d06-096.png
1142;data/dataset/d06-100.png
1143;data/dataset/d06-104.png
1144;data/dataset/d06-107.png
1145;data/dataset/d06-111.png
1146;data/dataset/d06-113.png
1147;data/dataset/d07-082.png
1148;data/dataset/d07-085.png
1149;data/dataset/d07-089.png
1150;data/dataset/d07-093.png
1151;data/dataset/d07-096.png
1152;data/dataset/d07-100.png
1153;data/dataset/d07-102.png
1154;data/dataset/e01-014.png
1155;data/dataset/e01-018.png
1156;data/dataset/e01-022.png
1157;data/dataset/e01-025.png
1158;data/dataset/e01-029.png
1159;data/dataset/e01-032.png
1160;data/dataset/e01-035.png
1161;data/dataset/e01-050.png
1162;data/dataset/e01-055.png
1163;data/dataset/e01-059.png
1164;data/dataset/e01-062.png
1165;data/dataset/e01-081.png
1166;data/dataset/e01-086.png
1167;data/dataset/e01-092.png
1168;data/dataset/e01-102.png
1169;data/dataset/e01-107.png
1170;data/dataset/e01-113.png
1171;data/dataset/e01-119.png
1172;data/dataset/e02-000.png
1173;data/dataset/e02-014.png
1174;data/dataset/e02-018.png
1175;data/dataset/e02-021.png
1176;data/dataset/e02-025.png
1177;data/dataset/e02-074.png
1178;data/dataset/e02-082.png
1179;data/dataset/e02-086.png
1180;data/dataset/e02-091.png
1181;data/dataset/e02-094.png
1182;data/dataset/e02-100.png
1183;data/dataset/e02-117.png
1184;data/dataset/e04-000.png
1185;data/dataset/e04-004.png
1186;data/dataset/e04-008.png
1187;data/dataset/e04-011.png
1188;data/dataset/e04-015.png
1189;data/dataset/e04-019.png
1190;data/dataset/e04-022.png
1191;data/dataset/e04-026.png
1192;data/dataset/e04-030.png
1193;data/dataset/e04-034.png
1194;data/dataset/e04-038.png
1195;data/dataset/e04-043.png
1196;data/dataset/e04-052.png
1197;data/dataset/e04-058.png
1198;data/dataset/e04-062.png
1199;data/dataset/e04-068.png
1200;data/dataset/e04-079.png
1201;data/dataset/e04-083.png
1202;data/dataset/e04-086.png
1203;data/dataset/e04-091.png
1204;data/dataset/e04-095.png
1205;data/dataset/e04-099.png
1206;data/dataset/e04-103.png
1207;data/dataset/e04-109.png
1208;data/dataset/e04-114.png
1209;data/dataset/e04-119.png
1210;data/dataset/e04-124.png
1211;data/dataset/e04-127.png
1212;data/dataset/e04-132.png
1213;data/dataset/e06-000.png
1214;data/dataset/e06-003.png
1215;data/dataset/e06-006.png
1216;data/dataset/e06-010.png
1217;data/dataset/e06-015.png
1218;data/dataset/e06-021.png
1219;data/dataset/e06-026.png
1220;data/dataset/e06-030.png
1221;data/dataset/e06-033.png
1222;data/dataset/e06-037.png
1223;data/dataset/e06-041.png
1224;data/dataset/e06-046.png
1225;data/dataset/e06-049.png
1226;data/dataset/e06-053.png
1227;data/dataset/e06-070.png
1228;data/dataset/e07-000.png
1229;data/dataset/e07-003.png
1230;data/dataset/e07-007.png
1231;data/dataset/e07-012.png
1232;data/dataset/e07-061.png
1233;data/dataset/e07-066.png
1234;data/dataset/e07-072.png
1235;data/dataset/e07-076.png
1236;data/dataset/e07-079.png
1237;data/dataset/e07-083.png
1238;data/dataset/e07-086.png
1239;data/dataset/e07-090.png
1240;data/dataset/e07-094.png
1241;data/dataset/e07-098.png
1242;data/dataset/e07-101.png
1243;data/dataset/e07-105.png
1244;data/dataset/e07-108.png
1245;data/dataset/e07-112.png
1246;data/dataset/f01-053.png
1247;data/dataset/f01-058.png
1248;data/dataset/f01-066.png
1249;data/dataset/f01-070.png
1250;data/dataset/f01-075.png
1251;data/dataset/f01-081.png
1252;data/dataset/f01-085.png
1253;data/dataset/f01-135.png
1254;data/dataset/f01-139.png
1255;data/dataset/f01-143.png
1256;data/dataset/f01-147.png
1257;data/dataset/f02-000.png
1258;data/dataset/f02-003.png
1259;data/dataset/f02-017.png
1260;data/dataset/f02-020.png
1261;data/dataset/f02-030.png
1262;data/dataset/f02-033.png
1263;data/dataset/f02-036.png
1264;data/dataset/f02-038.png
1265;data/dataset/f02-040.png
1266;data/dataset/f02-044.png
1267;data/dataset/f02-076.png
1268;data/dataset/f03-169.png
1269;data/dataset/f03-174.png
1270;data/dataset/f03-182.png
1271;data/dataset/f03-191.png
1272;data/dataset/f04-004.png
1273;data/dataset/f04-007.png
1274;data/dataset/f04-011.png
1275;data/dataset/f04-016.png
1276;data/dataset/f04-020.png
1277;data/dataset/f04-024.png
1278;data/dataset/f04-028.png
1279;data/dataset/f04-032.png
1280;data/dataset/f04-035.png
1281;data/dataset/f04-039.png
1282;data/dataset/f04-043.png
1283;data/dataset/f04-046.png
1284;data/dataset/f04-049.png
1285;data/dataset/f04-053.png
1286;data/dataset/f04-057.png
1287;data/dataset/f04-061.png
1288;data/dataset/f04-064.png
1289;data/dataset/f04-068.png
1290;data/dataset/f04-071.png
1291;data/dataset/f04-074.png
1292;data/dataset/f04-079.png
1293;data/dataset/f04-083.png
1294;data/dataset/f04-087.png
1295;data/dataset/f04-093.png
1296;data/dataset/f04-096.png
1297;data/dataset/f04-100.png
1298;data/dataset/f07-000.png
1299;data/dataset/f07-000b.png
1300;data/dataset/f07-002.png
1301;data/dataset/f07-006.png
1302;data/dataset/f07-009.png
1303;data/dataset/f07-013.png
1304;data/dataset/f07-016.png
1305;data/dataset/f07-019a.png
1306;data/dataset/f07-019b.png
1307;data/dataset/f07-021a.png
1308;data/dataset/f07-021b.png
1309;data/dataset/f07-024a.png
1310;data/dataset/f07-024b.png
1311;data/dataset/f07-028a.png
1312;data/dataset/f07-028b.png
1313;data/dataset/f07-032a.png
1314;data/dataset/f07-032b.png
1315;data/dataset/f07-036.png
1316;data/dataset/f07-039a.png
1317;data/dataset/f07-039b.png
1318;data/dataset/f07-042a.png
1319;data/dataset/f07-042b.png
1320;data/dataset/f07-046a.png
1321;data/dataset/f07-046b.png
1322;data/dataset/f07-069.png
1323;data/dataset/f07-073.png
1324;data/dataset/f07-076a.png
1325;data/dataset/f07-081a.png
1326;data/dataset/f07-081b.png
1327;data/dataset/f07-084a.png
1328;data/dataset/f07-084b.png
1329;data/dataset/f07-088a.png
1330;data/dataset/f07-088b.png
1331;data/dataset/f07-092a.png
1332;data/dataset/f07-092b.png
1333;data/dataset/f07-096.png
1334;data/dataset/f07-101a.png
1335;data/dataset/f07-101b.png
1336;data/dataset/g01-000.png
1337;data/dataset/g01-004.png
1338;data/dataset/g01-008.png
1339;data/dataset/g01-012.png
1340;data/dataset/g01-016.png
1341;data/dataset/g01-019.png
1342;data/dataset/g01-022.png
1343;data/dataset/g01-025.png
1344;data/dataset/g01-027.png
1345;data/dataset/g01-031.png
1346;data/dataset/g01-034.png
1347;data/dataset/g01-037.png
1348;data/dataset/g01-039.png
1349;data/dataset/g01-043.png
1350;data/dataset/g01-045.png
1351;data/dataset/g01-067.png
1352;data/dataset/g01-070.png
1353;data/dataset/g01-074.png
1354;data/dataset/g01-083.png
1355;data/dataset/g01-088.png
1356;data/dataset/g02-059.png
1357;data/dataset/g02-062.png
1358;data/dataset/g02-065.png
1359;data/dataset/g02-073.png
1360;data/dataset/g03-000.png
1361;data/dataset/g03-004.png
1362;data/dataset/g03-016.png
1363;data/dataset/g03-032.png
1364;data/dataset/g03-040.png
1365;data/dataset/g03-043.png
1366;data/dataset/g03-049.png
1367;data/dataset/g03-052.png
1368;data/dataset/g03-058.png
1369;data/dataset/g03-064.png
1370;data/dataset/g04-003.png
1371;data/dataset/g04-007.png
1372;data/dataset/g04-011.png
1373;data/dataset/g04-014.png
1374;data/dataset/g04-017.png
1375;data/dataset/g04-022.png
1376;data/dataset/g04-026.png
1377;data/dataset/g04-032.png
1378;data/dataset/g04-036.png
1379;data/dataset/g04-039.png
1380;data/dataset/g04-043.png
1381;data/dataset/g04-048.png
1382;data/dataset/g04-052.png
1383;data/dataset/g04-055.png
1384;data/dataset/g04-060.png
1385;data/dataset/g04-063.png
1386;data/dataset/g04-068.png
1387;data/dataset/g04-072.png
1388;data/dataset/g04-077.png
1389;data/dataset/g04-081.png
1390;data/dataset/g04-088.png
1391;data/dataset/g04-092.png
1392;data/dataset/g04-095.png
1393;data/dataset/g04-098.png
1394;data/dataset/g04-101.png
1395;data/dataset/g04-104.png
1396;data/dataset/g04-108.png
1397;data/dataset/g05-087.png
1398;data/dataset/g05-094.png
1399;data/dataset/g05-098.png
1400;data/dataset/g06-011a.png
1401;data/dataset/g06-011b.png
1402;data/dataset/g06-011c.png
1403;data/dataset/g06-011e.png
1404;data/dataset/g06-011f.png
1405;data/dataset/g06-011g.png
1406;data/dataset/g06-011h.png
1407;data/dataset/g06-011i.png
1408;data/dataset/g06-011j.png
1409;data/dataset/g06-011k.png
1410;data/dataset/g06-011l.png
1411;data/dataset/g06-011m.png
1412;data/dataset/g06-011n.png
1413;data/dataset/g06-011o.png
1414;data/dataset/g06-011p.png
1415;data/dataset/g06-011r.png
1416;data/dataset/g06-018a.png
1417;data/dataset/g06-018b.png
1418;data/dataset/g06-018c.png
1419;data/dataset/g06-018d.png
1420;data/dataset/g06-018e.png
1421;data/dataset/g06-018f.png
1422;data/dataset/g06-018g.png
1423;data/dataset/g06-018h.png
1424;data/dataset/g06-018i.png
1425;data/dataset/g06-018j.png
1426;data/dataset/g06-018k.png
1427;data/dataset/g06-018l.png
1428;data/dataset/g06-018m.png
1429;data/dataset/g06-018n.png
1430;data/dataset/g06-018o.png
1431;data/dataset/g06-018p.png
1432;data/dataset/g06-018r.png
1433;data/dataset/g06-026a.png
1434;data/dataset/g06-026b.png
1435;data/dataset/g06-026c.png
1436;data/dataset/g06-026d.png
1437;data/dataset/g06-026e.png
1438;data/dataset/g06-026f.png
1439;data/dataset/g06-026g.png
1440;data/dataset/g06-026h.png
1441;data/dataset/g06-026i.png
1442;data/dataset/g06-026j.png
1443;data/dataset/g06-026k.png
1444;data/dataset/g06-026l.png
1445;data/dataset/g06-026m.png
1446;data/dataset/g06-026n.png
1447;data/dataset/g06-026o.png
1448;data/dataset/g06-026p.png
1449;data/dataset/g06-026r.png
1450;data/dataset/g06-031a.png
1451;data/dataset/g06-031b.png
1452;data/dataset/g06-031c.png
1453;data/dataset/g06-031d.png
1454;data/dataset/g06-031e.png
1455;data/dataset/g06-031f.png
1456;data/dataset/g06-031g.png
1457;data/dataset/g06-031h.png
1458;data/dataset/g06-031i.png
1459;data/dataset/g06-031j.png
1460;data/dataset/g06-031k.png
1461;data/dataset/g06-031l.png
1462;data/dataset/g06-031m.png
1463;data/dataset/g06-031n.png
1464;data/dataset/g06-031o.png
1465;data/dataset/g06-031p.png
1466;data/dataset/g06-031r.png
1467;data/dataset/g06-037b.png
1468;data/dataset/g06-037c.png
1469;data/dataset/g06-037d.png
1470;data/dataset/g06-037e.png
1471;data/dataset/g06-037f.png
1472;data/dataset/g06-037g.png
1473;data/dataset/g06-037h.png
1474;data/dataset/g06-037i.png
1475;data/dataset/g06-037j.png
1476;data/dataset/g06-037k.png
1477;data/dataset/g06-037l.png
1478;data/dataset/g06-037m.png
1479;data/dataset/g06-037n.png
1480;data/dataset/g06-037o.png
1481;data/dataset/g06-037p.png
1482;data/dataset/g06-037r.png
1483;data/dataset/g06-042a.png
1484;data/dataset/g06-042b.png
1485;data/dataset/g06-042c.png
1486;data/dataset/g06-042d.png
1487;data/dataset/g06-042e.png
1488;data/dataset/g06-042f.png
1489;data/dataset/g06-042g.png
1490;data/dataset/g06-042h.png
1491;data/dataset/g06-042i.png
1492;data/dataset/g06-042j.png
1493;data/dataset/g06-042k.png
1494;data/dataset/g06-042l.png
1495;data/dataset/g06-042m.png
1496;data/dataset/g06-042n.png
1497;data/dataset/g06-042o.png
1498;data/dataset/g06-042p.png
1499;data/dataset/g06-042r.png
1500;data/dataset/g06-045a.png
1501;data/dataset/g06-045b.png
1502;data/dataset/g06-045c.png
1503;data/dataset/g06-045d.png
1504;data/dataset/g06-045e.png
1505;data/dataset/g06-045f.png
1506;data/dataset/g06-045g.png
1507;data/dataset/g06-045h.png
1508;data/dataset/g06-045i.png
1509;data/dataset/g06-045j.png
1510;data/dataset/g06-045k.png
1511;data/dataset/g06-045l.png
1512;data/dataset/g06-045m.png
1513;data/dataset/g06-045n.png
1514;data/dataset/g06-045o.png
1515;data/dataset/g06-045p.png
1516;data/dataset/g06-045r.png
1517;data/dataset/g06-047a.png
1518;data/dataset/g06-047b.png
1519;data/dataset/g06-047c.png
1520;data/dataset/g06-047d.png
1521;data/dataset/g06-047e.png
1522;data/dataset/g06-047f.png
1523;data/dataset/g06-047g.png
1524;data/dataset/g06-047h.png
1525;data/dataset/g06-047i.png
1526;data/dataset/g06-047j.png
1527;data/dataset/g06-047k.png
1528;data/dataset/g06-047l.png
1529;data/dataset/g06-047m.png
1530;data/dataset/g06-047n.png
1531;data/dataset/g06-047o.png
1532;data/dataset/g06-047p.png
1533;data/dataset/g06-047r.png
1534;data/dataset/g06-050a.png
1535;data/dataset/g06-050b.png
1536;data/dataset/g06-050c.png
1537;data/dataset/g06-050d.png
1538;data/dataset/g06-050e.png
1539;data/dataset/g06-050f.png
1540;data/dataset/g06-050g.png
1541;data/dataset/g06-050h.png
1542;data/dataset/g06-050i.png
1543;data/dataset/g06-050j.png
1544;data/dataset/g06-050k.png
1545;data/dataset/g06-050l.png
1546;data/dataset/g06-050m.png
1547;data/dataset/g06-050n.png
1548;data/dataset/g06-050o.png
1549;data/dataset/g06-050p.png
1550;data/dataset/g06-050r.png
1551;data/dataset/g06-089.png
1552;data/dataset/g06-093.png
1553;data/dataset/g06-096.png
1554;data/dataset/g06-101.png
1555;data/dataset/g06-105.png
1556;data/dataset/g06-109.png
1557;data/dataset/g06-115.png
1558;data/dataset/g07-000a.png
1559;data/dataset/g07-000b.png
1560;data/dataset/g07-003a.png
1561;data/dataset/g07-003b.png
1562;data/dataset/g07-007a.png
1563;data/dataset/g07-007b.png
1564;data/dataset/g07-010b.png
1565;data/dataset/g07-014.png
1566;data/dataset/g07-014b.png
1567;data/dataset/g07-018a.png
1568;data/dataset/g07-022a.png
1569;data/dataset/g07-022b.png
1570;data/dataset/g07-026a.png
1571;data/dataset/g07-026b.png
1572;data/dataset/g07-028a.png
1573;data/dataset/g07-028b.png
1574;data/dataset/g07-030.png
1575;data/dataset/g07-034.png
1576;data/dataset/g07-038.png
1577;data/dataset/g07-042.png
1578;data/dataset/g07-044.png
1579;data/dataset/g07-047.png
1580;data/dataset/g07-050.png
1581;data/dataset/g07-065.png
1582;data/dataset/g07-069a.png
1583;data/dataset/g07-071a.png
1584;data/dataset/g07-074a.png
1585;data/dataset/g07-077a.png
1586;data/dataset/g07-079a.png
1587;data/dataset/g07-084.png
1588;data/dataset/h01-000.png
1589;data/dataset/h01-004.png
1590;data/dataset/h01-007.png
1591;data/dataset/h01-010.png
1592;data/dataset/h01-014.png
1593;data/dataset/h01-018.png
1594;data/dataset/h01-024.png
1595;data/dataset/h01-027.png
1596;data/dataset/h01-030.png
1597;data/dataset/h02-004.png
1598;data/dataset/h02-008.png
1599;data/dataset/h02-012.png
1600;data/dataset/h02-017.png
1601;data/dataset/h02-019.png
1602;data/dataset/h02-022.png
1603;data/dataset/h02-024.png
1604;data/dataset/h02-028.png
1605;data/dataset/h02-035.png
1606;data/dataset/h02-037.png
1607;data/dataset/h02-040.png
1608;data/dataset/h02-043.png
1609;data/dataset/h02-049.png
1610;data/dataset/h04-000.png
1611;data/dataset/h04-007.png
1612;data/dataset/h04-021.png
1613;data/dataset/h04-025.png
1614;data/dataset/h04-028.png
1615;data/dataset/h04-035.png
1616;data/dataset/h04-049.png
1617;data/dataset/h04-052.png
1618;data/dataset/h04-055.png
1619;data/dataset/h04-057.png
1620;data/dataset/h04-061.png
1621;data/dataset/h04-071.png
1622;data/dataset/h04-074.png
1623;data/dataset/h04-078.png
1624;data/dataset/h04-082.png
1625;data/dataset/h05-012.png
1626;data/dataset/h06-000.png
1627;data/dataset/h06-003.png
1628;data/dataset/h06-079.png
1629;data/dataset/h06-082.png
1630;data/dataset/h06-085.png
1631;data/dataset/h06-089.png
1632;data/dataset/h06-092.png
1633;data/dataset/h06-096.png
1634;data/dataset/h07-000.png
1635;data/dataset/h07-003.png
1636;data/dataset/h07-007.png
1637;data/dataset/h07-011.png
1638;data/dataset/h07-013.png
1639;data/dataset/h07-017.png
1640;data/dataset/h07-020.png
1641;data/dataset/h07-023.png
1642;data/dataset/h07-025.png
1643;data/dataset/h07-025a.png
1644;data/dataset/h07-028.png
1645;data/dataset/h07-028a.png
1646;data/dataset/h07-030.png
1647;data/dataset/h07-030a.png
1648;data/dataset/h07-033.png
1649;data/dataset/h07-033a.png
1650;data/dataset/h07-037.png
1651;data/dataset/h07-037a.png
1652;data/dataset/h07-040.png
1653;data/dataset/h07-040b.png
1654;data/dataset/h07-044a.png
1655;data/dataset/h07-051b.png
1656;data/dataset/h07-054a.png
1657;data/dataset/h07-057a.png
1658;data/dataset/h07-060a.png
1659;data/dataset/h07-060b.png
1660;data/dataset/h07-063a.png
1661;data/dataset/h07-063b.png
1662;data/dataset/h07-066a.png
1663;data/dataset/h07-066b.png
1664;data/dataset/h07-069.png
1665;data/dataset/h07-069a.png
1666;data/dataset/h07-071.png
1667;data/dataset/h07-071a.png
1668;data/dataset/h07-075.png
1669;data/dataset/h07-075a.png
1670;data/dataset/h07-078.png
1671;data/dataset/h07-078a.png
1672;data/dataset/h07-080.png
1673;data/dataset/h07-080a.png
1674;data/dataset/h07-084.png
1675;data/dataset/h07-087.png
1676;data/dataset/j01-042.png
1677;data/dataset/j01-045.png
1678;data/dataset/j01-049.png
1679;data/dataset/j01-059.png
1680;data/dataset/j01-063.png
1681;data/dataset/j01-066.png
1682;data/dataset/j01-070.png
1683;data/dataset/j04-008.png
1684;data/dataset/j04-012.png
1685;data/dataset/j04-015.png
1686;data/dataset/j04-019.png
1687;data/dataset/j04-024.png
1688;data/dataset/j04-035.png
1689;data/dataset/j04-039.png
1690;data/dataset/j04-046.png
1691;data/dataset/j04-053.png
1692;data/dataset/j04-061.png
1693;data/dataset/j04-065.png
1694;data/dataset/j04-070.png
1695;data/dataset/j04-076.png
1696;data/dataset/j04-080.png
1697;data/dataset/j04-094.png
1698;data/dataset/j04-098.png
1699;data/dataset/j04-103.png
1700;data/dataset/j04-111.png
1701;data/dataset/j04-115.png
1702;data/dataset/j06-000.png
1703;data/dataset/j06-005.png
1704;data/dataset/j06-008.png
1705;data/dataset/j06-014.png
1706;data/dataset/j06-018.png
1707;data/dataset/j06-022.png
1708;data/dataset/j06-026.png
1709;data/dataset/j06-030.png
1710;data/dataset/j06-034.png
1711;data/dataset/j06-051.png
1712;data/dataset/j06-056.png
1713;data/dataset/j07-000.png
1714;data/dataset/j07-005.png
1715;data/dataset/j07-009.png
1716;data/dataset/j07-012.png
1717;data/dataset/j07-015.png
1718;data/dataset/k01-051.png
1719;data/dataset/k02-018.png
1720;data/dataset/k02-023.png
1721;data/dataset/k02-029.png
1722;data/dataset/k02-036.png
1723;data/dataset/k02-053.png
1724;data/dataset/k02-062.png
1725;data/dataset/k02-067.png
1726;data/dataset/k02-076.png
1727;data/dataset/k02-093.png
1728;data/dataset/k02-097.png
1729;data/dataset/k02-102.png
1730;data/dataset/k02-112.png
1731;data/dataset/k02-117.png
1732;data/dataset/k03-117.png
1733;data/dataset/k03-138.png
1734;data/dataset/k03-144.png
1735;data/dataset/k03-152.png
1736;data/dataset/k03-157.png
1737;data/dataset/k03-164.png
1738;data/dataset/k03-180.png
1739;data/dataset/k04-000.png
1740;data/dataset/k04-005.png
1741;data/dataset/k04-010.png
1742;data/dataset/k04-014.png
1743;data/dataset/k04-017.png
1744;data/dataset/k04-022.png
1745;data/dataset/k04-028.png
1746;data/dataset/k04-033.png
1747;data/dataset/k04-039.png
1748;data/dataset/k04-050.png
1749;data/dataset/k04-054.png
1750;data/dataset/k04-057.png
1751;data/dataset/k04-061.png
1752;data/dataset/k04-064.png
1753;data/dataset/k04-068.png
1754;data/dataset/k04-075.png
1755;data/dataset/k04-079.png
1756;data/dataset/k04-085.png
1757;data/dataset/k04-093.png
1758;data/dataset/k04-099.png
1759;data/dataset/k04-103.png
1760;data/dataset/k04-106.png
1761;data/dataset/k04-110.png
1762;data/dataset/k04-115.png
1763;data/dataset/k04-119.png
1764;data/dataset/k04-126.png
1765;data/dataset/k04-136.png
1766;data/dataset/k04-142.png
1767;data/dataset/k04-149.png
1768;data/dataset/k04-156.png
1769;data/dataset/k04-163.png
1770;data/dataset/k07-059a.png
1771;data/dataset/k07-063a.png
1772;data/dataset/k07-067a.png
1773;data/dataset/k07-077.png
1774;data/dataset/k07-085.png
1775;data/dataset/k07-122.png
1776;data/dataset/k07-125.png
1777;data/dataset/k07-134.png
1778;data/dataset/k07-141.png
1779;data/dataset/k07-146.png
1780;data/dataset/k07-152.png
1781;data/dataset/k07-158.png
1782;data/dataset/k07-166.png
1783;data/dataset/k07-176.png
1784;data/dataset/k07-185.png
1785;data/dataset/l01-000.png
1786;data/dataset/l01-007.png
1787;data/dataset/l01-016.png
1788;data/dataset/l01-023.png
1789;data/dataset/l01-030.png
1790;data/dataset/l01-050.png
1791;data/dataset/l01-065.png
1792;data/dataset/l01-082.png
1793;data/dataset/l01-095.png
1794;data/dataset/l01-105.png
1795;data/dataset/l01-111.png
1796;data/dataset/l01-119.png
1797;data/dataset/l01-129.png
1798;data/dataset/l01-133.png
1799;data/dataset/l01-143.png
1800;data/dataset/l01-157.png
1801;data/dataset/l01-173.png
1802;data/dataset/l01-179.png
1803;data/dataset/l01-187.png
1804;data/dataset/l01-195.png
1805;data/dataset/l01-199.png
1806;data/dataset/l03-000.png
1807;data/dataset/l03-004.png
1808;data/dataset/l03-008.png
1809;data/dataset/l04-000.png
1810;data/dataset/l04-005.png
1811;data/dataset/l04-012.png
1812;data/dataset/l04-020.png
1813;data/dataset/l04-026.png
1814;data/dataset/l04-034.png
1815;data/dataset/l04-043.png
1816;data/dataset/l04-052.png
1817;data/dataset/l04-062.png
1818;data/dataset/l04-066.png
1819;data/dataset/l04-071.png
1820;data/dataset/l04-082.png
1821;data/dataset/l04-087.png
1822;data/dataset/l04-093.png
1823;data/dataset/l04-098.png
1824;data/dataset/l04-102.png
1825;data/dataset/l04-106.png
1826;data/dataset/l04-113.png
1827;data/dataset/l04-118.png
1828;data/dataset/l04-124.png
1829;data/dataset/l04-130.png
1830;data/dataset/l04-136.png
1831;data/dataset/l04-141.png
1832;data/dataset/l04-147.png
1833;data/dataset/l04-153.png
1834;data/dataset/l04-159.png
1835;data/dataset/l04-163.png
1836;data/dataset/l04-170.png
1837;data/dataset/l04-174.png
1838;data/dataset/l04-179.png
1839;data/dataset/l07-052.png
1840;data/dataset/l07-065.png
1841;data/dataset/l07-074.png
1842;data/dataset/l07-080.png
1843;data/dataset/l07-085.png
1844;data/dataset/l07-103.png
1845;data/dataset/l07-111.png
1846;data/dataset/l07-118.png
1847;data/dataset/l07-131.png
1848;data/dataset/l07-135.png
1849;data/dataset/l07-138.png
1850;data/dataset/l07-172.png
1851;data/dataset/l07-176.png
1852;data/dataset/l07-181.png
1853;data/dataset/l07-187.png
1854;data/dataset/l07-190.png
1855;data/dataset/m01-000.png
1856;data/dataset/m01-012.png
1857;data/dataset/m01-017.png
1858;data/dataset/m01-022.png
1859;data/dataset/m01-026.png
1860;data/dataset/m01-032.png
1861;data/dataset/m01-038.png
1862;data/dataset/m01-049.png
1863;data/dataset/m01-060.png
1864;data/dataset/m01-079.png
1865;data/dataset/m01-084.png
1866;data/dataset/m01-090.png
1867;data/dataset/m01-095.png
1868;data/dataset/m01-100.png
1869;data/dataset/m01-104.png
1870;data/dataset/m01-110.png
1871;data/dataset/m01-115.png
1872;data/dataset/m01-121.png
1873;data/dataset/m01-125.png
1874;data/dataset/m01-131.png
1875;data/dataset/m01-136.png
1876;data/dataset/m01-149.png
1877;data/dataset/m01-160.png
1878;data/dataset/m02-048.png
1879;data/dataset/m02-052.png
1880;data/dataset/m02-055.png
1881;data/dataset/m02-059.png
1882;data/dataset/m02-066.png
1883;data/dataset/m02-069.png
1884;data/dataset/m02-072.png
1885;data/dataset/m02-075.png
1886;data/dataset/m02-080.png
1887;data/dataset/m02-083.png
1888;data/dataset/m02-087.png
1889;data/dataset/m02-090.png
1890;data/dataset/m02-095.png
1891;data/dataset/m02-102.png
1892;data/dataset/m02-106.png
1893;data/dataset/m02-109.png
1894;data/dataset/m02-112.png
1895;data/dataset/m03-006.png
1896;data/dataset/m03-013.png
1897;data/dataset/m03-020.png
1898;data/dataset/m03-033.png
1899;data/dataset/m03-062.png
1900;data/dataset/m03-095.png
1901;data/dataset/m03-110.png
1902;data/dataset/m03-114.png
1903;data/dataset/m03-118.png
1904;data/dataset/m04-000.png
1905;data/dataset/m04-007.png
1906;data/dataset/m04-012.png
1907;data/dataset/m04-019.png
1908;data/dataset/m04-024.png
1909;data/dataset/m04-030.png
1910;data/dataset/m04-038.png
1911;data/dataset/m04-043.png
1912;data/dataset/m04-061.png
1913;data/dataset/m04-072.png
1914;data/dataset/m04-078.png
1915;data/dataset/m04-081.png
1916;data/dataset/m04-093.png
1917;data/dataset/m04-100.png
1918;data/dataset/m04-107.png
1919;data/dataset/m04-113.png
1920;data/dataset/m04-123.png
1921;data/dataset/m04-131.png
1922;data/dataset/m04-138.png
1923;data/dataset/m04-145.png
1924;data/dataset/m04-152.png
1925;data/dataset/m04-164.png
1926;data/dataset/m04-180.png
1927;data/dataset/m04-190.png
1928;data/dataset/m04-200.png
1929;data/dataset/m04-209.png
1930;data/dataset/m04-216.png
1931;data/dataset/m04-222.png
1932;data/dataset/m04-231.png
1933;data/dataset/m04-238.png
1934;data/dataset/m04-246.png
1935;data/dataset/m04-251.png
1936;data/dataset/m06-019.png
1937;data/dataset/m06-031.png
1938;data/dataset/m06-042.png
1939;data/dataset/m06-048.png
1940;data/dataset/m06-056.png
1941;data/dataset/m06-067.png
1942;data/dataset/m06-076.png
1943;data/dataset/m06-083.png
1944;data/dataset/m06-091.png
1945;data/dataset/m06-098.png
1946;data/dataset/m06-106.png
1947;data/dataset/n01-000.png
1948;data/dataset/n01-004.png
1949;data/dataset/n01-009.png
1950;data/dataset/n01-020.png
1951;data/dataset/n01-031.png
1952;data/dataset/n01-036.png
1953;data/dataset/n01-045.png
1954;data/dataset/n01-052.png
1955;data/dataset/n01-057.png
1956;data/dataset/n02-000.png
1957;data/dataset/n02-004.png
1958;data/dataset/n02-009.png
1959;data/dataset/n02-016.png
1960;data/dataset/n02-028.png
1961;data/dataset/n02-033.png
1962;data/dataset/n02-037.png
1963;data/dataset/n02-040.png
1964;data/dataset/n02-045.png
1965;data/dataset/n02-049.png
1966;data/dataset/n02-054.png
1967;data/dataset/n02-062.png
1968;data/dataset/n02-082a.png
1969;data/dataset/n02-098.png
1970;data/dataset/n02-104.png
1971;data/dataset/n02-109.png
1972;data/dataset/n02-114.png
1973;data/dataset/n02-120.png
1974;data/dataset/n02-127.png
1975;data/dataset/n02-146.png
1976;data/dataset/n02-151.png
1977;data/dataset/n02-154.png
1978;data/dataset/n02-157.png
1979;data/dataset/n03-038.png
1980;data/dataset/n03-064.png
1981;data/dataset/n03-066.png
1982;data/dataset/n03-079.png
1983;data/dataset/n03-082.png
1984;data/dataset/n03-091.png
1985;data/dataset/n03-097.png
1986;data/dataset/n03-103.png
1987;data/dataset/n03-106.png
1988;data/dataset/n03-113.png
1989;data/dataset/n03-120.png
1990;data/dataset/n03-126.png
1991;data/dataset/n04-000.png
1992;data/dataset/n04-009.png
1993;data/dataset/n04-015.png
1994;data/dataset/n04-022.png
1995;data/dataset/n04-031.png
1996;data/dataset/n04-039.png
1997;data/dataset/n04-044.png
1998;data/dataset/n04-048.png
1999;data/dataset/n04-052.png
2000;data/dataset/n04-060.png
2001;data/dataset/n04-068.png
2002;data/dataset/n04-075.png
2003;data/dataset/n04-084.png
2004;data/dataset/n04-092.png
2005;data/dataset/n04-100.png
2006;data/dataset/n04-107.png
2007;data/dataset/n04-114.png
2008;data/dataset/n04-130.png
2009;data/dataset/n04-139.png
2010;data/dataset/n04-149.png
2011;data/dataset/n04-156.png
2012;data/dataset/n04-163.png
2013;data/dataset/n04-171.png
2014;data/dataset/n04-183.png
2015;data/dataset/n04-190.png
2016;data/dataset/n04-195.png
2017;data/dataset/n04-202.png
2018;data/dataset/n04-209.png
2019;data/dataset/n04-213.png
2020;data/dataset/n04-218.png
2021;data/dataset/n06-074.png
2022;data/dataset/n06-082.png
2023;data/dataset/n06-092.png
2024;data/dataset/n06-100.png
2025;data/dataset/n06-111.png
2026;data/dataset/n06-119.png
2027;data/dataset/n06-123.png
2028;data/dataset/n06-128.png
2029;data/dataset/n06-133.png
2030;data/dataset/n06-140.png
2031;data/dataset/n06-148.png
2032;data/dataset/n06-156.png
2033;data/dataset/n06-163.png
2034;data/dataset/n06-169.png
2035;data/dataset/n06-175.png
2036;data/dataset/n06-182.png
2037;data/dataset/n06-186.png
2038;data/dataset/n06-194.png
2039;data/dataset/n06-201.png
2040;data/dataset/p01-147.png
2041;data/dataset/p01-155.png
2042;data/dataset/p01-168.png
2043;data/dataset/p01-174.png
2044;data/dataset/p02-000.png
2045;data/dataset/p02-008.png
2046;data/dataset/p02-017.png
2047;data/dataset/p02-022.png
2048;data/dataset/p02-027.png
2049;data/dataset/p02-069.png
2050;data/dataset/p02-076.png
2051;data/dataset/p02-081.png
2052;data/dataset/p02-090.png
2053;data/dataset/p02-101.png
2054;data/dataset/p02-105.png
2055;data/dataset/p02-109.png
2056;data/dataset/p02-115.png
2057;data/dataset/p02-121.png
2058;data/dataset/p02-127.png
2059;data/dataset/p02-131.png
2060;data/dataset/p02-135.png
2061;data/dataset/p02-139.png
2062;data/dataset/p02-144.png
2063;data/dataset/p02-150.png
2064;data/dataset/p02-155.png
2065;data/dataset/p03-004.png
2066;data/dataset/p03-009.png
2067;data/dataset/p03-012.png
2068;data/dataset/p03-023.png
2069;data/dataset/p03-027.png
2070;data/dataset/p03-029.png
2071;data/dataset/p03-033.png
2072;data/dataset/p03-040.png
2073;data/dataset/p03-047.png
2074;data/dataset/p03-057.png
2075;data/dataset/p03-069.png
2076;data/dataset/p03-072.png
2077;data/dataset/p03-080.png
2078;data/dataset/p03-087.png
2079;data/dataset/p03-096.png
2080;data/dataset/p03-103.png
2081;data/dataset/p03-112.png
2082;data/dataset/p03-121.png
2083;data/dataset/p03-135.png
2084;data/dataset/p03-142.png
2085;data/dataset/p03-151.png
2086;data/dataset/p03-158.png
2087;data/dataset/p03-163.png
2088;data/dataset/p03-173.png
2089;data/dataset/p03-181.png
2090;data/dataset/p03-185.png
2091;data/dataset/p03-189.png
2092;data/dataset/p06-030.png
2093;data/dataset/p06-042.png
2094;data/dataset/p06-047.png
2095;data/dataset/p06-052.png
2096;data/dataset/p06-058.png
2097;data/dataset/p06-069.png
2098;data/dataset/p06-088.png
2099;data/dataset/p06-096.png
2100;data/dataset/p06-104.png
2101;data/dataset/p06-242.png
2102;data/dataset/p06-248.png
2103;data/dataset/r02-000.png
2104;data/dataset/r02-003.png
2105;data/dataset/r02-006.png
2106;data/dataset/r02-010.png
2107;data/dataset/r02-013.png
2108;data/dataset/r02-038.png
2109;data/dataset/r02-054.png
2110;data/dataset/r02-060.png
2111;data/dataset/r02-065.png
2112;data/dataset/r02-070.png
2113;data/dataset/r02-078.png
2114;data/dataset/r02-081.png
2115;data/dataset/r02-089.png
2116;data/dataset/r02-109.png
2117;data/dataset/r02-117.png
2118;data/dataset/r02-127.png
2119;data/dataset/r02-131.png
2120;data/dataset/r02-137.png
2121;data/dataset/r02-146.png
2122;data/dataset/r03-002.png
2123;data/dataset/r03-007.png
2124;data/dataset/r03-026.png
2125;data/dataset/r03-030.png
2126;data/dataset/r03-035.png
2127;data/dataset/r03-050.png
2128;data/dataset/r03-053.png
2129;data/dataset/r03-056.png
2130;data/dataset/r03-065.png
2131;data/dataset/r03-084.png
2132;data/dataset/r03-090.png
2133;data/dataset/r03-096.png
2134;data/dataset/r03-110.png
2135;data/dataset/r03-115.png
2136;data/dataset/r06-000.png
2137;data/dataset/r06-003.png
2138;data/dataset/r06-007.png
2139;data/dataset/r06-011.png
2140;data/dataset/r06-018.png
2141;data/dataset/r06-022.png
2142;data/dataset/r06-027.png
2143;data/dataset/r06-035.png
2144;data/dataset/r06-041.png
2145;data/dataset/r06-044.png
2146;data/dataset/r06-049.png
2147;data/dataset/r06-053.png
2148;data/dataset/r06-057.png
2149;data/dataset/r06-062.png
2150;data/dataset/r06-066.png
2151;data/dataset/r06-070.png
2152;data/dataset/r06-076.png
2153;data/dataset/r06-090.png
2154;data/dataset/r06-097.png
2155;data/dataset/r06-103.png
2156;data/dataset/r06-106.png
2157;data/dataset/r06-111.png
2158;data/dataset/r06-115.png
2159;data/dataset/r06-121.png
2160;data/dataset/r06-126.png
2161;data/dataset/r06-130.png
2162;data/dataset/r06-137.png
2163;data/dataset/r06-143.png
